"id";"price";"img";"stocks";"drugcode"
1;71;"http://dummyimage.com/161x247.png/dddddd/000000";74;"40104-703"
2;26;"http://dummyimage.com/104x162.png/5fa2dd/ffffff";55;"17856-1295"
3;19;"http://dummyimage.com/190x195.png/cc0000/ffffff";60;"64942-1106"
4;79;"http://dummyimage.com/149x141.png/dddddd/000000";25;"36987-1697"
5;74;"http://dummyimage.com/173x161.png/5fa2dd/ffffff";10;"31722-340"
6;82;"http://dummyimage.com/221x209.png/dddddd/000000";21;"54575-166"
7;24;"http://dummyimage.com/130x224.png/cc0000/ffffff";53;"54340-802"
8;67;"http://dummyimage.com/140x226.png/5fa2dd/ffffff";64;"0041-0350"
9;98;"http://dummyimage.com/226x112.png/ff4444/ffffff";94;"61787-499"
10;18;"http://dummyimage.com/221x200.png/ff4444/ffffff";76;"49884-407"
11;12;"http://dummyimage.com/153x169.png/dddddd/000000";67;"43419-304"
12;49;"http://dummyimage.com/194x158.png/ff4444/ffffff";2;"17089-347"
13;10;"http://dummyimage.com/217x250.png/ff4444/ffffff";22;"42549-561"
14;64;"http://dummyimage.com/244x204.png/ff4444/ffffff";4;"0135-0246"
15;7;"http://dummyimage.com/205x157.png/dddddd/000000";10;"68745-1087"
16;77;"http://dummyimage.com/218x179.png/dddddd/000000";44;"59450-315"
17;23;"http://dummyimage.com/204x195.png/ff4444/ffffff";42;"16590-294"
18;76;"http://dummyimage.com/149x222.png/dddddd/000000";22;"36987-2154"
19;89;"http://dummyimage.com/103x171.png/5fa2dd/ffffff";18;"0049-5460"
20;78;"http://dummyimage.com/217x201.png/ff4444/ffffff";93;"55154-7750"
21;92;"http://dummyimage.com/115x243.png/cc0000/ffffff";8;"55910-296"
22;18;"http://dummyimage.com/131x114.png/dddddd/000000";94;"0078-0635"
23;93;"http://dummyimage.com/250x155.png/ff4444/ffffff";78;"54868-3362"
24;59;"http://dummyimage.com/194x204.png/cc0000/ffffff";53;"12745-541"
25;39;"http://dummyimage.com/204x228.png/dddddd/000000";69;"55316-315"
26;71;"http://dummyimage.com/107x237.png/cc0000/ffffff";14;"54616-001"
27;70;"http://dummyimage.com/115x205.png/5fa2dd/ffffff";55;"16590-589"
28;15;"http://dummyimage.com/203x131.png/cc0000/ffffff";59;"42472-002"
29;45;"http://dummyimage.com/166x249.png/cc0000/ffffff";51;"62802-915"
30;47;"http://dummyimage.com/123x225.png/cc0000/ffffff";54;"43269-619"
31;40;"http://dummyimage.com/138x109.png/dddddd/000000";31;"50322-003"
32;23;"http://dummyimage.com/217x138.png/ff4444/ffffff";96;"52125-654"
33;22;"http://dummyimage.com/121x204.png/cc0000/ffffff";64;"60977-116"
34;19;"http://dummyimage.com/103x132.png/dddddd/000000";77;"0071-0806"
35;20;"http://dummyimage.com/203x241.png/dddddd/000000";43;"53746-110"
36;100;"http://dummyimage.com/186x206.png/5fa2dd/ffffff";58;"58411-125"
37;26;"http://dummyimage.com/175x238.png/cc0000/ffffff";5;"49035-016"
38;40;"http://dummyimage.com/173x143.png/dddddd/000000";67;"63354-910"
39;84;"http://dummyimage.com/103x173.png/ff4444/ffffff";16;"61957-1470"
40;44;"http://dummyimage.com/140x209.png/dddddd/000000";44;"61995-0602"
41;94;"http://dummyimage.com/187x196.png/ff4444/ffffff";89;"66988-100"
42;97;"http://dummyimage.com/200x199.png/cc0000/ffffff";26;"35000-859"
43;2;"http://dummyimage.com/184x218.png/dddddd/000000";21;"0268-6605"
44;45;"http://dummyimage.com/188x156.png/dddddd/000000";14;"53489-216"
45;83;"http://dummyimage.com/116x237.png/dddddd/000000";27;"62670-3573"
46;49;"http://dummyimage.com/243x217.png/5fa2dd/ffffff";98;"15127-965"
47;28;"http://dummyimage.com/120x186.png/5fa2dd/ffffff";57;"52686-250"
48;26;"http://dummyimage.com/171x238.png/dddddd/000000";45;"42346-600"
49;63;"http://dummyimage.com/216x228.png/cc0000/ffffff";71;"76485-1010"
50;30;"http://dummyimage.com/147x104.png/dddddd/000000";8;"49358-554"
51;82;"http://dummyimage.com/159x200.png/cc0000/ffffff";22;"62750-005"
52;81;"http://dummyimage.com/105x193.png/5fa2dd/ffffff";45;"44911-0031"
53;55;"http://dummyimage.com/147x212.png/cc0000/ffffff";61;"55648-948"
54;45;"http://dummyimage.com/248x134.png/ff4444/ffffff";52;"46123-036"
55;44;"http://dummyimage.com/189x160.png/dddddd/000000";63;"65044-9953"
56;64;"http://dummyimage.com/149x176.png/5fa2dd/ffffff";51;"49035-107"
57;27;"http://dummyimage.com/218x117.png/dddddd/000000";82;"42361-029"
58;23;"http://dummyimage.com/235x125.png/5fa2dd/ffffff";71;"36987-2202"
59;97;"http://dummyimage.com/120x218.png/dddddd/000000";51;"53489-376"
60;1;"http://dummyimage.com/169x231.png/5fa2dd/ffffff";44;"0363-0005"
61;65;"http://dummyimage.com/176x144.png/5fa2dd/ffffff";58;"33261-749"
62;75;"http://dummyimage.com/245x206.png/dddddd/000000";59;"63629-5279"
63;48;"http://dummyimage.com/193x121.png/dddddd/000000";70;"55648-545"
64;66;"http://dummyimage.com/196x172.png/cc0000/ffffff";2;"67046-121"
65;60;"http://dummyimage.com/245x140.png/ff4444/ffffff";4;"0591-3603"
66;93;"http://dummyimage.com/222x165.png/dddddd/000000";20;"50436-4565"
67;86;"http://dummyimage.com/199x127.png/ff4444/ffffff";9;"0113-0397"
68;59;"http://dummyimage.com/167x120.png/ff4444/ffffff";91;"10356-802"
69;89;"http://dummyimage.com/200x185.png/dddddd/000000";39;"54868-5113"
70;31;"http://dummyimage.com/184x185.png/dddddd/000000";84;"65691-0006"
71;34;"http://dummyimage.com/133x141.png/ff4444/ffffff";93;"50436-0775"
72;35;"http://dummyimage.com/118x140.png/cc0000/ffffff";50;"68745-1018"
73;89;"http://dummyimage.com/221x160.png/5fa2dd/ffffff";5;"43742-0015"
74;49;"http://dummyimage.com/208x139.png/dddddd/000000";16;"21130-602"
75;52;"http://dummyimage.com/244x117.png/5fa2dd/ffffff";90;"41520-462"
76;87;"http://dummyimage.com/158x115.png/cc0000/ffffff";15;"63323-305"
77;6;"http://dummyimage.com/139x209.png/5fa2dd/ffffff";56;"53808-0422"
78;64;"http://dummyimage.com/219x232.png/5fa2dd/ffffff";11;"51452-010"
79;80;"http://dummyimage.com/135x216.png/5fa2dd/ffffff";69;"61703-344"
80;56;"http://dummyimage.com/147x210.png/5fa2dd/ffffff";89;"63629-5139"
81;34;"http://dummyimage.com/103x102.png/5fa2dd/ffffff";18;"20276-552"
82;97;"http://dummyimage.com/207x109.png/dddddd/000000";64;"0172-5240"
83;23;"http://dummyimage.com/110x142.png/dddddd/000000";37;"0053-7670"
84;43;"http://dummyimage.com/108x232.png/dddddd/000000";98;"49580-0300"
85;91;"http://dummyimage.com/186x149.png/ff4444/ffffff";49;"43857-0002"
86;63;"http://dummyimage.com/157x215.png/5fa2dd/ffffff";11;"0378-0871"
87;50;"http://dummyimage.com/107x167.png/dddddd/000000";76;"68151-0561"
88;71;"http://dummyimage.com/238x179.png/dddddd/000000";76;"36987-2954"
89;77;"http://dummyimage.com/246x140.png/5fa2dd/ffffff";8;"68151-4243"
90;14;"http://dummyimage.com/205x222.png/dddddd/000000";93;"55154-7808"
91;26;"http://dummyimage.com/148x239.png/5fa2dd/ffffff";11;"60760-061"
92;50;"http://dummyimage.com/127x237.png/dddddd/000000";33;"49884-660"
93;6;"http://dummyimage.com/139x147.png/ff4444/ffffff";42;"29033-018"
94;56;"http://dummyimage.com/172x213.png/dddddd/000000";6;"54868-5680"
95;44;"http://dummyimage.com/249x241.png/cc0000/ffffff";76;"13668-024"
96;69;"http://dummyimage.com/191x182.png/5fa2dd/ffffff";5;"54868-5707"
97;83;"http://dummyimage.com/153x187.png/ff4444/ffffff";63;"54868-5510"
98;60;"http://dummyimage.com/249x246.png/dddddd/000000";9;"57520-0727"
99;50;"http://dummyimage.com/111x134.png/cc0000/ffffff";27;"62309-777"
100;45;"http://dummyimage.com/153x250.png/5fa2dd/ffffff";81;"50458-342"
101;32;"http://dummyimage.com/116x230.png/5fa2dd/ffffff";98;"64117-241"
102;89;"http://dummyimage.com/112x148.png/ff4444/ffffff";80;"11410-564"
103;13;"http://dummyimage.com/249x161.png/ff4444/ffffff";21;"63629-5007"
104;29;"http://dummyimage.com/209x158.png/cc0000/ffffff";8;"0406-9960"
105;75;"http://dummyimage.com/248x247.png/dddddd/000000";77;"52959-730"
106;80;"http://dummyimage.com/119x190.png/dddddd/000000";30;"25382-505"
107;37;"http://dummyimage.com/117x153.png/ff4444/ffffff";38;"21130-784"
108;13;"http://dummyimage.com/179x205.png/5fa2dd/ffffff";49;"57955-8325"
109;24;"http://dummyimage.com/117x127.png/ff4444/ffffff";99;"54868-6073"
110;16;"http://dummyimage.com/235x136.png/ff4444/ffffff";39;"67777-402"
111;75;"http://dummyimage.com/103x203.png/dddddd/000000";49;"31722-331"
112;55;"http://dummyimage.com/181x177.png/5fa2dd/ffffff";16;"33261-826"
113;5;"http://dummyimage.com/177x193.png/ff4444/ffffff";13;"63824-354"
114;15;"http://dummyimage.com/167x244.png/cc0000/ffffff";28;"43742-0188"
115;61;"http://dummyimage.com/220x210.png/cc0000/ffffff";35;"10893-694"
116;13;"http://dummyimage.com/115x119.png/5fa2dd/ffffff";73;"13925-100"
117;8;"http://dummyimage.com/237x143.png/ff4444/ffffff";13;"56062-141"
118;78;"http://dummyimage.com/186x203.png/5fa2dd/ffffff";2;"48951-3169"
119;34;"http://dummyimage.com/173x107.png/5fa2dd/ffffff";3;"76168-055"
120;73;"http://dummyimage.com/108x232.png/5fa2dd/ffffff";29;"41250-959"
121;99;"http://dummyimage.com/127x137.png/cc0000/ffffff";93;"65862-016"
122;77;"http://dummyimage.com/175x220.png/5fa2dd/ffffff";58;"21695-285"
123;84;"http://dummyimage.com/207x222.png/ff4444/ffffff";41;"49348-744"
124;80;"http://dummyimage.com/143x169.png/cc0000/ffffff";75;"63548-0056"
125;50;"http://dummyimage.com/246x135.png/dddddd/000000";88;"52125-014"
126;20;"http://dummyimage.com/206x189.png/5fa2dd/ffffff";30;"0338-6307"
127;9;"http://dummyimage.com/122x219.png/5fa2dd/ffffff";14;"49349-652"
128;81;"http://dummyimage.com/177x118.png/cc0000/ffffff";89;"33992-6159"
129;68;"http://dummyimage.com/136x212.png/dddddd/000000";71;"36987-1497"
130;38;"http://dummyimage.com/246x167.png/5fa2dd/ffffff";68;"51815-307"
131;49;"http://dummyimage.com/168x235.png/ff4444/ffffff";1;"0597-0086"
132;6;"http://dummyimage.com/188x200.png/ff4444/ffffff";74;"33342-028"
133;56;"http://dummyimage.com/135x166.png/5fa2dd/ffffff";43;"55301-489"
134;34;"http://dummyimage.com/204x179.png/cc0000/ffffff";40;"58980-410"
135;72;"http://dummyimage.com/158x118.png/dddddd/000000";10;"11410-406"
136;25;"http://dummyimage.com/201x172.png/5fa2dd/ffffff";67;"0003-1611"
137;85;"http://dummyimage.com/174x162.png/cc0000/ffffff";5;"52125-122"
138;80;"http://dummyimage.com/194x161.png/ff4444/ffffff";47;"43742-0305"
139;82;"http://dummyimage.com/123x239.png/dddddd/000000";35;"43419-324"
140;27;"http://dummyimage.com/180x243.png/ff4444/ffffff";95;"55154-1476"
141;67;"http://dummyimage.com/182x111.png/dddddd/000000";64;"43857-0195"
142;65;"http://dummyimage.com/174x226.png/cc0000/ffffff";31;"75990-4019"
143;87;"http://dummyimage.com/236x104.png/ff4444/ffffff";78;"0268-1260"
144;74;"http://dummyimage.com/191x132.png/ff4444/ffffff";75;"60589-001"
145;60;"http://dummyimage.com/244x159.png/dddddd/000000";96;"16590-302"
146;92;"http://dummyimage.com/105x181.png/ff4444/ffffff";1;"49260-710"
147;34;"http://dummyimage.com/121x205.png/5fa2dd/ffffff";93;"63148-118"
148;71;"http://dummyimage.com/218x165.png/5fa2dd/ffffff";1;"62839-0388"
149;78;"http://dummyimage.com/228x204.png/dddddd/000000";64;"52125-616"
150;64;"http://dummyimage.com/135x137.png/dddddd/000000";79;"41163-069"
151;9;"http://dummyimage.com/203x219.png/cc0000/ffffff";11;"30142-107"
152;83;"http://dummyimage.com/134x164.png/ff4444/ffffff";12;"11410-006"
153;75;"http://dummyimage.com/113x107.png/dddddd/000000";44;"67938-1410"
154;82;"http://dummyimage.com/147x176.png/5fa2dd/ffffff";64;"36987-1473"
155;4;"http://dummyimage.com/178x101.png/cc0000/ffffff";44;"42549-609"
156;92;"http://dummyimage.com/210x215.png/5fa2dd/ffffff";4;"58503-048"
157;24;"http://dummyimage.com/124x139.png/dddddd/000000";49;"49999-791"
158;15;"http://dummyimage.com/118x227.png/ff4444/ffffff";79;"17478-289"
159;32;"http://dummyimage.com/154x123.png/5fa2dd/ffffff";13;"10356-845"
160;27;"http://dummyimage.com/175x167.png/ff4444/ffffff";13;"65044-3519"
161;31;"http://dummyimage.com/196x159.png/cc0000/ffffff";55;"49348-971"
162;78;"http://dummyimage.com/233x113.png/ff4444/ffffff";81;"49348-107"
163;26;"http://dummyimage.com/216x224.png/5fa2dd/ffffff";88;"42254-115"
164;40;"http://dummyimage.com/190x109.png/cc0000/ffffff";70;"33261-745"
165;3;"http://dummyimage.com/195x148.png/cc0000/ffffff";5;"65044-5100"
166;5;"http://dummyimage.com/153x232.png/5fa2dd/ffffff";64;"0603-4230"
167;95;"http://dummyimage.com/160x146.png/ff4444/ffffff";91;"64092-314"
168;82;"http://dummyimage.com/238x222.png/dddddd/000000";69;"43742-0498"
169;6;"http://dummyimage.com/157x170.png/cc0000/ffffff";78;"50419-106"
170;43;"http://dummyimage.com/129x146.png/ff4444/ffffff";42;"54575-412"
171;71;"http://dummyimage.com/195x167.png/cc0000/ffffff";44;"21695-711"
172;5;"http://dummyimage.com/146x233.png/dddddd/000000";69;"57955-6001"
173;10;"http://dummyimage.com/113x129.png/dddddd/000000";26;"51879-190"
174;2;"http://dummyimage.com/178x136.png/dddddd/000000";24;"61197-000"
175;55;"http://dummyimage.com/194x115.png/cc0000/ffffff";100;"48951-8004"
176;48;"http://dummyimage.com/178x193.png/cc0000/ffffff";56;"63187-149"
177;28;"http://dummyimage.com/183x188.png/cc0000/ffffff";99;"41163-544"
178;58;"http://dummyimage.com/205x128.png/cc0000/ffffff";83;"49349-987"
179;72;"http://dummyimage.com/187x237.png/5fa2dd/ffffff";6;"0065-0645"
180;51;"http://dummyimage.com/181x250.png/5fa2dd/ffffff";38;"58411-146"
181;33;"http://dummyimage.com/134x163.png/dddddd/000000";86;"55154-6976"
182;16;"http://dummyimage.com/187x103.png/ff4444/ffffff";8;"68308-405"
183;36;"http://dummyimage.com/108x137.png/cc0000/ffffff";88;"57237-007"
184;100;"http://dummyimage.com/201x150.png/5fa2dd/ffffff";81;"53208-445"
185;73;"http://dummyimage.com/188x185.png/dddddd/000000";88;"41520-315"
186;40;"http://dummyimage.com/109x134.png/cc0000/ffffff";53;"52125-795"
187;90;"http://dummyimage.com/151x210.png/5fa2dd/ffffff";39;"24478-200"
188;98;"http://dummyimage.com/152x121.png/5fa2dd/ffffff";86;"14720-372"
189;5;"http://dummyimage.com/106x191.png/dddddd/000000";48;"57337-056"
190;10;"http://dummyimage.com/224x239.png/5fa2dd/ffffff";61;"49288-0423"
191;88;"http://dummyimage.com/237x180.png/ff4444/ffffff";98;"11673-951"
192;61;"http://dummyimage.com/152x220.png/cc0000/ffffff";96;"54868-6071"
193;94;"http://dummyimage.com/233x210.png/ff4444/ffffff";50;"54868-5024"
194;67;"http://dummyimage.com/109x214.png/dddddd/000000";1;"14783-326"
195;43;"http://dummyimage.com/190x212.png/ff4444/ffffff";17;"57520-0043"
196;41;"http://dummyimage.com/134x242.png/cc0000/ffffff";75;"10812-978"
197;38;"http://dummyimage.com/160x157.png/cc0000/ffffff";97;"62802-102"
198;49;"http://dummyimage.com/177x250.png/5fa2dd/ffffff";91;"50436-5604"
199;63;"http://dummyimage.com/219x229.png/5fa2dd/ffffff";15;"65862-496"
200;86;"http://dummyimage.com/100x222.png/dddddd/000000";61;"57955-7024"
201;54;"http://dummyimage.com/188x132.png/ff4444/ffffff";86;"68151-5048"
202;51;"http://dummyimage.com/200x188.png/dddddd/000000";69;"0363-8204"
203;68;"http://dummyimage.com/224x225.png/cc0000/ffffff";8;"66613-8142"
204;81;"http://dummyimage.com/157x175.png/dddddd/000000";13;"64159-6344"
205;42;"http://dummyimage.com/143x170.png/ff4444/ffffff";34;"43406-0002"
206;37;"http://dummyimage.com/188x131.png/dddddd/000000";7;"54868-2522"
207;35;"http://dummyimage.com/162x241.png/ff4444/ffffff";28;"13668-010"
208;76;"http://dummyimage.com/104x204.png/ff4444/ffffff";83;"60913-010"
209;36;"http://dummyimage.com/106x220.png/5fa2dd/ffffff";96;"13733-040"
210;75;"http://dummyimage.com/248x227.png/cc0000/ffffff";78;"16590-616"
211;51;"http://dummyimage.com/162x227.png/cc0000/ffffff";28;"55154-9370"
212;66;"http://dummyimage.com/234x108.png/5fa2dd/ffffff";22;"67544-026"
213;68;"http://dummyimage.com/189x145.png/ff4444/ffffff";41;"0781-1830"
214;95;"http://dummyimage.com/113x128.png/dddddd/000000";16;"66579-0049"
215;59;"http://dummyimage.com/212x172.png/dddddd/000000";94;"68387-500"
216;5;"http://dummyimage.com/136x236.png/5fa2dd/ffffff";69;"62756-348"
217;4;"http://dummyimage.com/217x238.png/ff4444/ffffff";89;"68703-031"
218;61;"http://dummyimage.com/204x150.png/5fa2dd/ffffff";56;"42427-002"
219;65;"http://dummyimage.com/228x174.png/5fa2dd/ffffff";87;"49288-0343"
220;90;"http://dummyimage.com/198x182.png/dddddd/000000";71;"35356-386"
221;21;"http://dummyimage.com/188x152.png/ff4444/ffffff";93;"0363-9160"
222;70;"http://dummyimage.com/181x235.png/ff4444/ffffff";48;"52125-280"
223;56;"http://dummyimage.com/174x237.png/5fa2dd/ffffff";79;"49288-0799"
224;1;"http://dummyimage.com/244x177.png/dddddd/000000";58;"13668-104"
225;50;"http://dummyimage.com/196x168.png/ff4444/ffffff";7;"0409-5622"
226;62;"http://dummyimage.com/140x219.png/ff4444/ffffff";16;"11673-854"
227;5;"http://dummyimage.com/230x141.png/cc0000/ffffff";68;"63629-1345"
228;45;"http://dummyimage.com/128x150.png/ff4444/ffffff";50;"35000-865"
229;53;"http://dummyimage.com/167x230.png/dddddd/000000";66;"43857-0088"
230;84;"http://dummyimage.com/227x191.png/dddddd/000000";3;"64117-296"
231;19;"http://dummyimage.com/180x146.png/dddddd/000000";31;"60512-2005"
232;51;"http://dummyimage.com/113x179.png/5fa2dd/ffffff";42;"42254-340"
233;26;"http://dummyimage.com/166x203.png/5fa2dd/ffffff";34;"67767-200"
234;38;"http://dummyimage.com/167x135.png/ff4444/ffffff";14;"52810-301"
235;20;"http://dummyimage.com/139x112.png/dddddd/000000";13;"68788-9092"
236;59;"http://dummyimage.com/225x228.png/dddddd/000000";59;"15343-105"
237;6;"http://dummyimage.com/124x242.png/ff4444/ffffff";5;"76352-002"
238;67;"http://dummyimage.com/246x120.png/ff4444/ffffff";57;"51442-531"
239;52;"http://dummyimage.com/209x188.png/ff4444/ffffff";59;"76234-000"
240;95;"http://dummyimage.com/186x140.png/cc0000/ffffff";75;"68151-1480"
241;82;"http://dummyimage.com/235x212.png/cc0000/ffffff";58;"58118-0515"
242;87;"http://dummyimage.com/112x212.png/cc0000/ffffff";79;"54569-2483"
243;57;"http://dummyimage.com/131x108.png/dddddd/000000";56;"67877-148"
244;95;"http://dummyimage.com/151x220.png/ff4444/ffffff";56;"54868-0548"
245;98;"http://dummyimage.com/199x163.png/cc0000/ffffff";8;"24794-222"
246;44;"http://dummyimage.com/176x104.png/ff4444/ffffff";63;"68788-9391"
247;77;"http://dummyimage.com/246x104.png/5fa2dd/ffffff";37;"47593-471"
248;87;"http://dummyimage.com/131x130.png/cc0000/ffffff";47;"42291-708"
249;42;"http://dummyimage.com/173x129.png/cc0000/ffffff";3;"43857-0076"
250;89;"http://dummyimage.com/169x242.png/dddddd/000000";55;"65044-3216"
251;20;"http://dummyimage.com/113x189.png/cc0000/ffffff";81;"0615-2302"
252;39;"http://dummyimage.com/181x118.png/cc0000/ffffff";22;"42192-514"
253;29;"http://dummyimage.com/167x112.png/dddddd/000000";37;"0597-0126"
254;86;"http://dummyimage.com/107x145.png/ff4444/ffffff";32;"48951-4009"
255;62;"http://dummyimage.com/138x179.png/ff4444/ffffff";71;"0049-3420"
256;97;"http://dummyimage.com/241x180.png/dddddd/000000";5;"0536-1810"
257;85;"http://dummyimage.com/212x125.png/5fa2dd/ffffff";56;"60505-2615"
258;11;"http://dummyimage.com/138x110.png/dddddd/000000";51;"75979-1146"
259;74;"http://dummyimage.com/132x110.png/ff4444/ffffff";9;"68788-9379"
260;80;"http://dummyimage.com/184x117.png/dddddd/000000";63;"36800-456"
261;95;"http://dummyimage.com/203x220.png/5fa2dd/ffffff";61;"0781-9253"
262;48;"http://dummyimage.com/159x189.png/5fa2dd/ffffff";18;"53329-056"
263;39;"http://dummyimage.com/146x219.png/cc0000/ffffff";14;"57319-411"
264;79;"http://dummyimage.com/213x100.png/dddddd/000000";13;"53603-1003"
265;70;"http://dummyimage.com/179x215.png/ff4444/ffffff";27;"53329-063"
266;38;"http://dummyimage.com/214x104.png/5fa2dd/ffffff";20;"51655-685"
267;86;"http://dummyimage.com/219x214.png/dddddd/000000";69;"0363-0550"
268;57;"http://dummyimage.com/189x106.png/cc0000/ffffff";21;"43353-879"
269;5;"http://dummyimage.com/190x176.png/dddddd/000000";26;"36987-2624"
270;27;"http://dummyimage.com/216x217.png/dddddd/000000";71;"50988-287"
271;97;"http://dummyimage.com/118x118.png/dddddd/000000";76;"37205-850"
272;94;"http://dummyimage.com/183x178.png/dddddd/000000";3;"24208-910"
273;95;"http://dummyimage.com/242x242.png/ff4444/ffffff";44;"49230-200"
274;64;"http://dummyimage.com/132x177.png/ff4444/ffffff";22;"51346-082"
275;32;"http://dummyimage.com/191x198.png/5fa2dd/ffffff";13;"42291-899"
276;84;"http://dummyimage.com/244x145.png/ff4444/ffffff";88;"64764-805"
277;20;"http://dummyimage.com/166x185.png/cc0000/ffffff";20;"50410-070"
278;87;"http://dummyimage.com/203x134.png/5fa2dd/ffffff";83;"61477-216"
279;72;"http://dummyimage.com/225x155.png/5fa2dd/ffffff";69;"49999-846"
280;50;"http://dummyimage.com/127x234.png/cc0000/ffffff";43;"59779-226"
281;17;"http://dummyimage.com/179x101.png/dddddd/000000";91;"0781-7094"
282;19;"http://dummyimage.com/246x170.png/dddddd/000000";22;"59779-566"
283;71;"http://dummyimage.com/157x122.png/ff4444/ffffff";19;"59779-819"
284;56;"http://dummyimage.com/123x189.png/cc0000/ffffff";17;"36800-147"
285;88;"http://dummyimage.com/148x126.png/cc0000/ffffff";20;"42361-011"
286;87;"http://dummyimage.com/203x192.png/cc0000/ffffff";100;"36800-175"
287;28;"http://dummyimage.com/245x191.png/dddddd/000000";54;"14783-049"
288;72;"http://dummyimage.com/182x125.png/5fa2dd/ffffff";63;"52584-443"
289;34;"http://dummyimage.com/116x247.png/ff4444/ffffff";83;"57240-2010"
290;33;"http://dummyimage.com/153x172.png/ff4444/ffffff";92;"24385-461"
291;64;"http://dummyimage.com/195x159.png/cc0000/ffffff";27;"49953-2801"
292;61;"http://dummyimage.com/145x202.png/ff4444/ffffff";25;"54868-4293"
293;63;"http://dummyimage.com/119x153.png/5fa2dd/ffffff";30;"36800-668"
294;12;"http://dummyimage.com/207x192.png/cc0000/ffffff";57;"51346-124"
295;78;"http://dummyimage.com/226x113.png/ff4444/ffffff";96;"0093-4030"
296;88;"http://dummyimage.com/102x198.png/dddddd/000000";54;"63941-262"
297;75;"http://dummyimage.com/131x248.png/ff4444/ffffff";55;"42549-541"
298;96;"http://dummyimage.com/125x121.png/dddddd/000000";79;"50804-001"
299;29;"http://dummyimage.com/169x137.png/cc0000/ffffff";81;"64616-098"
300;99;"http://dummyimage.com/111x157.png/cc0000/ffffff";89;"35418-232"
301;29;"http://dummyimage.com/142x131.png/cc0000/ffffff";19;"63868-910"
302;84;"http://dummyimage.com/137x218.png/ff4444/ffffff";44;"42507-759"
303;68;"http://dummyimage.com/149x191.png/ff4444/ffffff";31;"54118-7976"
304;12;"http://dummyimage.com/206x219.png/dddddd/000000";10;"43742-0059"
305;59;"http://dummyimage.com/111x175.png/cc0000/ffffff";62;"59630-994"
306;30;"http://dummyimage.com/115x225.png/ff4444/ffffff";80;"68428-165"
307;28;"http://dummyimage.com/147x126.png/5fa2dd/ffffff";64;"25280-005"
308;64;"http://dummyimage.com/126x169.png/cc0000/ffffff";77;"64205-130"
309;76;"http://dummyimage.com/151x187.png/cc0000/ffffff";44;"61601-1120"
310;89;"http://dummyimage.com/167x137.png/dddddd/000000";31;"49643-309"
311;95;"http://dummyimage.com/197x191.png/ff4444/ffffff";87;"50580-501"
312;22;"http://dummyimage.com/174x133.png/cc0000/ffffff";91;"68703-084"
313;84;"http://dummyimage.com/118x204.png/dddddd/000000";85;"52424-0001"
314;77;"http://dummyimage.com/189x202.png/dddddd/000000";77;"42291-677"
315;26;"http://dummyimage.com/157x203.png/5fa2dd/ffffff";74;"37012-527"
316;30;"http://dummyimage.com/191x109.png/5fa2dd/ffffff";89;"0781-3412"
317;63;"http://dummyimage.com/124x101.png/5fa2dd/ffffff";19;"32909-804"
318;94;"http://dummyimage.com/144x247.png/ff4444/ffffff";77;"42549-594"
319;13;"http://dummyimage.com/217x232.png/cc0000/ffffff";64;"59246-0001"
320;27;"http://dummyimage.com/193x197.png/5fa2dd/ffffff";54;"59640-113"
321;11;"http://dummyimage.com/180x168.png/5fa2dd/ffffff";64;"65862-375"
322;57;"http://dummyimage.com/188x143.png/cc0000/ffffff";3;"11822-1793"
323;42;"http://dummyimage.com/178x133.png/dddddd/000000";79;"55315-393"
324;84;"http://dummyimage.com/170x155.png/dddddd/000000";93;"41415-046"
325;35;"http://dummyimage.com/163x169.png/ff4444/ffffff";74;"49348-753"
326;47;"http://dummyimage.com/184x135.png/ff4444/ffffff";32;"21695-666"
327;70;"http://dummyimage.com/146x193.png/dddddd/000000";51;"36987-1077"
328;84;"http://dummyimage.com/223x133.png/ff4444/ffffff";9;"67491-7777"
329;61;"http://dummyimage.com/165x194.png/cc0000/ffffff";43;"68462-305"
330;6;"http://dummyimage.com/243x103.png/dddddd/000000";24;"0093-7384"
331;24;"http://dummyimage.com/142x220.png/5fa2dd/ffffff";90;"21695-988"
332;16;"http://dummyimage.com/146x189.png/ff4444/ffffff";61;"55154-9410"
333;56;"http://dummyimage.com/166x192.png/cc0000/ffffff";72;"43269-641"
334;42;"http://dummyimage.com/143x217.png/5fa2dd/ffffff";3;"64990-609"
335;56;"http://dummyimage.com/141x138.png/5fa2dd/ffffff";32;"33261-996"
336;78;"http://dummyimage.com/189x213.png/dddddd/000000";88;"49288-0766"
337;73;"http://dummyimage.com/225x111.png/cc0000/ffffff";8;"50484-328"
338;38;"http://dummyimage.com/220x167.png/cc0000/ffffff";22;"59923-602"
339;40;"http://dummyimage.com/217x102.png/dddddd/000000";97;"55714-2323"
340;3;"http://dummyimage.com/173x236.png/ff4444/ffffff";33;"37000-845"
341;73;"http://dummyimage.com/228x156.png/cc0000/ffffff";15;"67046-426"
342;75;"http://dummyimage.com/188x105.png/dddddd/000000";41;"0268-1007"
343;71;"http://dummyimage.com/154x221.png/ff4444/ffffff";24;"0536-3233"
344;58;"http://dummyimage.com/193x150.png/cc0000/ffffff";61;"67777-214"
345;90;"http://dummyimage.com/103x174.png/dddddd/000000";28;"0172-2089"
346;79;"http://dummyimage.com/109x126.png/dddddd/000000";25;"0944-3034"
347;65;"http://dummyimage.com/142x128.png/dddddd/000000";15;"51486-004"
348;71;"http://dummyimage.com/240x152.png/cc0000/ffffff";51;"43857-0247"
349;7;"http://dummyimage.com/174x161.png/ff4444/ffffff";14;"52125-460"
350;6;"http://dummyimage.com/241x121.png/ff4444/ffffff";42;"49288-0361"
351;28;"http://dummyimage.com/196x243.png/5fa2dd/ffffff";96;"48951-6032"
352;17;"http://dummyimage.com/234x227.png/cc0000/ffffff";45;"60505-2536"
353;7;"http://dummyimage.com/246x210.png/dddddd/000000";44;"0268-1329"
354;21;"http://dummyimage.com/182x250.png/5fa2dd/ffffff";30;"11822-0393"
355;69;"http://dummyimage.com/218x205.png/5fa2dd/ffffff";63;"63255-021"
356;2;"http://dummyimage.com/163x222.png/5fa2dd/ffffff";8;"0074-4315"
357;12;"http://dummyimage.com/214x216.png/5fa2dd/ffffff";93;"68084-253"
358;19;"http://dummyimage.com/168x226.png/5fa2dd/ffffff";11;"50383-775"
359;32;"http://dummyimage.com/115x217.png/cc0000/ffffff";34;"55714-4628"
360;14;"http://dummyimage.com/190x119.png/cc0000/ffffff";31;"42291-219"
361;16;"http://dummyimage.com/135x130.png/ff4444/ffffff";66;"42002-211"
362;48;"http://dummyimage.com/178x240.png/5fa2dd/ffffff";45;"52584-542"
363;9;"http://dummyimage.com/201x214.png/5fa2dd/ffffff";75;"60429-751"
364;99;"http://dummyimage.com/112x205.png/5fa2dd/ffffff";5;"49483-349"
365;21;"http://dummyimage.com/163x180.png/5fa2dd/ffffff";63;"0268-0083"
366;97;"http://dummyimage.com/198x206.png/cc0000/ffffff";98;"44523-450"
367;74;"http://dummyimage.com/180x208.png/ff4444/ffffff";11;"37205-845"
368;30;"http://dummyimage.com/143x104.png/ff4444/ffffff";100;"41268-041"
369;40;"http://dummyimage.com/164x138.png/cc0000/ffffff";44;"0498-1071"
370;66;"http://dummyimage.com/206x180.png/ff4444/ffffff";47;"13668-268"
371;16;"http://dummyimage.com/124x117.png/ff4444/ffffff";39;"55154-3188"
372;36;"http://dummyimage.com/132x148.png/cc0000/ffffff";82;"53041-650"
373;4;"http://dummyimage.com/109x249.png/5fa2dd/ffffff";99;"41163-080"
374;34;"http://dummyimage.com/151x201.png/5fa2dd/ffffff";78;"37000-816"
375;90;"http://dummyimage.com/209x120.png/cc0000/ffffff";90;"43547-274"
376;30;"http://dummyimage.com/114x154.png/5fa2dd/ffffff";25;"59535-8301"
377;1;"http://dummyimage.com/109x123.png/5fa2dd/ffffff";35;"49349-647"
378;90;"http://dummyimage.com/111x232.png/ff4444/ffffff";49;"0363-0217"
379;60;"http://dummyimage.com/122x199.png/dddddd/000000";45;"13709-232"
380;92;"http://dummyimage.com/129x102.png/5fa2dd/ffffff";66;"37205-381"
381;8;"http://dummyimage.com/164x159.png/5fa2dd/ffffff";80;"59779-725"
382;95;"http://dummyimage.com/170x164.png/ff4444/ffffff";84;"55312-882"
383;27;"http://dummyimage.com/159x174.png/cc0000/ffffff";8;"0527-1462"
384;11;"http://dummyimage.com/234x140.png/cc0000/ffffff";11;"52686-332"
385;90;"http://dummyimage.com/100x186.png/5fa2dd/ffffff";46;"55143-102"
386;77;"http://dummyimage.com/179x187.png/cc0000/ffffff";88;"55316-309"
387;39;"http://dummyimage.com/242x210.png/5fa2dd/ffffff";100;"43419-307"
388;49;"http://dummyimage.com/100x166.png/ff4444/ffffff";65;"68774-400"
389;76;"http://dummyimage.com/174x124.png/ff4444/ffffff";16;"55154-4945"
390;57;"http://dummyimage.com/237x179.png/cc0000/ffffff";42;"48951-8176"
391;51;"http://dummyimage.com/167x161.png/ff4444/ffffff";76;"11822-0912"
392;27;"http://dummyimage.com/114x122.png/dddddd/000000";4;"33261-160"
393;2;"http://dummyimage.com/237x152.png/ff4444/ffffff";32;"58411-155"
394;23;"http://dummyimage.com/156x202.png/ff4444/ffffff";85;"65862-287"
395;68;"http://dummyimage.com/198x150.png/cc0000/ffffff";12;"54868-6146"
396;36;"http://dummyimage.com/143x100.png/ff4444/ffffff";65;"0409-2585"
397;26;"http://dummyimage.com/113x250.png/5fa2dd/ffffff";38;"53808-0839"
398;93;"http://dummyimage.com/149x229.png/5fa2dd/ffffff";25;"0093-0318"
399;33;"http://dummyimage.com/153x104.png/dddddd/000000";83;"0054-3542"
400;9;"http://dummyimage.com/216x176.png/ff4444/ffffff";48;"55714-4400"
401;18;"http://dummyimage.com/155x244.png/ff4444/ffffff";81;"49483-387"
402;73;"http://dummyimage.com/150x138.png/cc0000/ffffff";61;"63736-646"
403;52;"http://dummyimage.com/107x198.png/dddddd/000000";42;"57955-5160"
404;76;"http://dummyimage.com/172x161.png/dddddd/000000";97;"58118-9896"
405;75;"http://dummyimage.com/204x113.png/5fa2dd/ffffff";65;"52261-0206"
406;37;"http://dummyimage.com/168x209.png/cc0000/ffffff";18;"59995-007"
407;25;"http://dummyimage.com/243x163.png/dddddd/000000";89;"49527-992"
408;64;"http://dummyimage.com/186x202.png/ff4444/ffffff";66;"53808-1047"
409;51;"http://dummyimage.com/182x188.png/cc0000/ffffff";32;"52959-428"
410;32;"http://dummyimage.com/215x216.png/cc0000/ffffff";80;"47335-835"
411;4;"http://dummyimage.com/192x153.png/dddddd/000000";8;"67544-276"
412;69;"http://dummyimage.com/243x103.png/dddddd/000000";85;"41163-668"
413;50;"http://dummyimage.com/201x225.png/5fa2dd/ffffff";30;"16714-330"
414;69;"http://dummyimage.com/219x105.png/cc0000/ffffff";84;"0615-7653"
415;52;"http://dummyimage.com/231x166.png/5fa2dd/ffffff";8;"54868-5011"
416;93;"http://dummyimage.com/123x126.png/dddddd/000000";72;"54868-2390"
417;43;"http://dummyimage.com/113x193.png/5fa2dd/ffffff";37;"42507-473"
418;6;"http://dummyimage.com/103x127.png/5fa2dd/ffffff";93;"54340-810"
419;32;"http://dummyimage.com/192x150.png/ff4444/ffffff";33;"52751-001"
420;89;"http://dummyimage.com/225x250.png/cc0000/ffffff";35;"62011-0049"
421;80;"http://dummyimage.com/240x177.png/ff4444/ffffff";8;"59011-758"
422;33;"http://dummyimage.com/235x202.png/dddddd/000000";41;"29500-2438"
423;6;"http://dummyimage.com/133x243.png/cc0000/ffffff";68;"53113-218"
424;40;"http://dummyimage.com/145x112.png/dddddd/000000";68;"29500-909"
425;19;"http://dummyimage.com/171x191.png/ff4444/ffffff";71;"10812-236"
426;48;"http://dummyimage.com/101x146.png/dddddd/000000";27;"61310-102"
427;31;"http://dummyimage.com/166x125.png/ff4444/ffffff";64;"98132-750"
428;76;"http://dummyimage.com/174x241.png/ff4444/ffffff";61;"33992-0100"
429;41;"http://dummyimage.com/113x245.png/5fa2dd/ffffff";94;"63629-3961"
430;41;"http://dummyimage.com/146x187.png/cc0000/ffffff";66;"49884-401"
431;62;"http://dummyimage.com/217x119.png/ff4444/ffffff";58;"62802-644"
432;98;"http://dummyimage.com/157x219.png/ff4444/ffffff";90;"0527-0586"
433;58;"http://dummyimage.com/196x168.png/ff4444/ffffff";2;"60683-129"
434;47;"http://dummyimage.com/160x119.png/dddddd/000000";68;"44567-310"
435;28;"http://dummyimage.com/215x182.png/dddddd/000000";52;"0268-6726"
436;62;"http://dummyimage.com/166x249.png/ff4444/ffffff";80;"0310-7820"
437;76;"http://dummyimage.com/125x174.png/5fa2dd/ffffff";41;"49288-0258"
438;18;"http://dummyimage.com/122x165.png/5fa2dd/ffffff";35;"42507-500"
439;20;"http://dummyimage.com/101x224.png/cc0000/ffffff";22;"44924-014"
440;34;"http://dummyimage.com/241x190.png/5fa2dd/ffffff";22;"51567-001"
441;17;"http://dummyimage.com/215x200.png/dddddd/000000";89;"52268-100"
442;94;"http://dummyimage.com/101x138.png/ff4444/ffffff";2;"36987-1964"
443;62;"http://dummyimage.com/237x248.png/ff4444/ffffff";75;"57520-0150"
444;70;"http://dummyimage.com/169x116.png/5fa2dd/ffffff";99;"45802-358"
445;75;"http://dummyimage.com/115x113.png/dddddd/000000";59;"42254-302"
446;46;"http://dummyimage.com/182x115.png/cc0000/ffffff";82;"50405-110"
447;51;"http://dummyimage.com/207x192.png/dddddd/000000";27;"55301-941"
448;20;"http://dummyimage.com/173x145.png/ff4444/ffffff";68;"52584-910"
449;28;"http://dummyimage.com/105x134.png/cc0000/ffffff";7;"47335-383"
450;11;"http://dummyimage.com/116x130.png/5fa2dd/ffffff";53;"10893-465"
451;14;"http://dummyimage.com/237x118.png/dddddd/000000";87;"43948-1101"
452;34;"http://dummyimage.com/111x125.png/cc0000/ffffff";10;"0615-1593"
453;11;"http://dummyimage.com/127x132.png/5fa2dd/ffffff";100;"49643-326"
454;96;"http://dummyimage.com/190x171.png/ff4444/ffffff";19;"63323-401"
455;92;"http://dummyimage.com/140x183.png/dddddd/000000";20;"61703-332"
456;66;"http://dummyimage.com/212x119.png/ff4444/ffffff";63;"61919-102"
457;45;"http://dummyimage.com/222x177.png/cc0000/ffffff";23;"59427-703"
458;10;"http://dummyimage.com/235x113.png/5fa2dd/ffffff";28;"60429-507"
459;88;"http://dummyimage.com/132x186.png/cc0000/ffffff";16;"51346-063"
460;85;"http://dummyimage.com/158x236.png/ff4444/ffffff";86;"37205-399"
461;96;"http://dummyimage.com/154x129.png/5fa2dd/ffffff";26;"59762-3722"
462;60;"http://dummyimage.com/176x109.png/cc0000/ffffff";8;"41163-434"
463;94;"http://dummyimage.com/148x193.png/ff4444/ffffff";67;"0378-4001"
464;94;"http://dummyimage.com/149x216.png/5fa2dd/ffffff";27;"42494-119"
465;53;"http://dummyimage.com/212x172.png/ff4444/ffffff";4;"59427-110"
466;2;"http://dummyimage.com/189x118.png/ff4444/ffffff";9;"55714-2230"
467;31;"http://dummyimage.com/143x214.png/5fa2dd/ffffff";33;"44099-001"
468;31;"http://dummyimage.com/172x140.png/5fa2dd/ffffff";18;"26509-0009"
469;96;"http://dummyimage.com/186x186.png/ff4444/ffffff";13;"62011-0038"
470;41;"http://dummyimage.com/107x177.png/cc0000/ffffff";88;"75840-111"
471;52;"http://dummyimage.com/157x162.png/ff4444/ffffff";48;"61601-1129"
472;1;"http://dummyimage.com/133x226.png/5fa2dd/ffffff";78;"37205-020"
473;70;"http://dummyimage.com/241x155.png/ff4444/ffffff";99;"0268-6224"
474;44;"http://dummyimage.com/249x167.png/cc0000/ffffff";83;"21695-975"
475;95;"http://dummyimage.com/152x198.png/cc0000/ffffff";83;"54868-5558"
476;81;"http://dummyimage.com/234x132.png/ff4444/ffffff";39;"68788-9671"
477;21;"http://dummyimage.com/141x138.png/5fa2dd/ffffff";4;"49035-657"
478;53;"http://dummyimage.com/136x173.png/dddddd/000000";64;"36800-357"
479;41;"http://dummyimage.com/126x145.png/cc0000/ffffff";98;"10742-8507"
480;82;"http://dummyimage.com/231x229.png/dddddd/000000";72;"0603-6156"
481;80;"http://dummyimage.com/128x245.png/5fa2dd/ffffff";74;"0168-0146"
482;69;"http://dummyimage.com/183x154.png/ff4444/ffffff";92;"50114-7070"
483;94;"http://dummyimage.com/240x246.png/5fa2dd/ffffff";47;"63941-470"
484;65;"http://dummyimage.com/110x189.png/cc0000/ffffff";75;"49999-478"
485;24;"http://dummyimage.com/188x108.png/dddddd/000000";1;"10237-741"
486;62;"http://dummyimage.com/247x233.png/ff4444/ffffff";48;"0338-6308"
487;78;"http://dummyimage.com/212x197.png/dddddd/000000";79;"51523-001"
488;4;"http://dummyimage.com/233x230.png/cc0000/ffffff";9;"16590-592"
489;40;"http://dummyimage.com/247x160.png/cc0000/ffffff";29;"58593-781"
490;13;"http://dummyimage.com/245x100.png/5fa2dd/ffffff";55;"51208-001"
491;78;"http://dummyimage.com/231x111.png/ff4444/ffffff";33;"51346-115"
492;81;"http://dummyimage.com/193x104.png/dddddd/000000";67;"48951-9016"
493;91;"http://dummyimage.com/246x162.png/5fa2dd/ffffff";71;"54868-5419"
494;73;"http://dummyimage.com/169x229.png/ff4444/ffffff";90;"54868-5178"
495;14;"http://dummyimage.com/101x172.png/dddddd/000000";85;"41190-163"
496;41;"http://dummyimage.com/115x164.png/cc0000/ffffff";97;"49643-307"
497;36;"http://dummyimage.com/196x182.png/5fa2dd/ffffff";72;"54181-001"
498;27;"http://dummyimage.com/209x243.png/ff4444/ffffff";98;"41250-620"
499;87;"http://dummyimage.com/105x114.png/ff4444/ffffff";90;"16590-056"
500;71;"http://dummyimage.com/192x110.png/cc0000/ffffff";59;"66336-340"
501;69;"http://dummyimage.com/246x223.png/ff4444/ffffff";41;"68382-765"
502;88;"http://dummyimage.com/213x192.png/dddddd/000000";25;"54569-5574"
503;7;"http://dummyimage.com/144x106.png/cc0000/ffffff";54;"54868-1819"
504;83;"http://dummyimage.com/223x200.png/dddddd/000000";33;"50436-3125"
505;93;"http://dummyimage.com/241x163.png/5fa2dd/ffffff";82;"55910-161"
506;40;"http://dummyimage.com/235x224.png/ff4444/ffffff";4;"55289-962"
507;24;"http://dummyimage.com/137x141.png/dddddd/000000";31;"37808-902"
508;67;"http://dummyimage.com/216x126.png/cc0000/ffffff";3;"42291-122"
509;49;"http://dummyimage.com/135x139.png/5fa2dd/ffffff";28;"55714-1715"
510;58;"http://dummyimage.com/150x219.png/dddddd/000000";9;"0573-0187"
511;59;"http://dummyimage.com/216x146.png/ff4444/ffffff";2;"37000-005"
512;26;"http://dummyimage.com/151x209.png/5fa2dd/ffffff";5;"66993-465"
513;7;"http://dummyimage.com/162x186.png/dddddd/000000";33;"49348-374"
514;56;"http://dummyimage.com/240x162.png/5fa2dd/ffffff";74;"64127-145"
515;17;"http://dummyimage.com/218x159.png/cc0000/ffffff";80;"69017-206"
516;21;"http://dummyimage.com/107x222.png/5fa2dd/ffffff";98;"43337-9329"
517;16;"http://dummyimage.com/146x103.png/5fa2dd/ffffff";3;"51672-2106"
518;27;"http://dummyimage.com/108x119.png/cc0000/ffffff";77;"55312-890"
519;99;"http://dummyimage.com/197x157.png/cc0000/ffffff";27;"52346-015"
520;12;"http://dummyimage.com/110x215.png/ff4444/ffffff";65;"55038-023"
521;14;"http://dummyimage.com/103x197.png/ff4444/ffffff";7;"60512-6441"
522;93;"http://dummyimage.com/185x211.png/dddddd/000000";11;"36000-030"
523;50;"http://dummyimage.com/118x162.png/ff4444/ffffff";40;"53567-0722"
524;86;"http://dummyimage.com/156x127.png/5fa2dd/ffffff";57;"0363-0226"
525;83;"http://dummyimage.com/105x171.png/cc0000/ffffff";33;"48951-3127"
526;89;"http://dummyimage.com/141x134.png/cc0000/ffffff";71;"0168-0332"
527;30;"http://dummyimage.com/131x162.png/5fa2dd/ffffff";38;"11523-7374"
528;4;"http://dummyimage.com/139x155.png/dddddd/000000";8;"21695-031"
529;88;"http://dummyimage.com/240x131.png/ff4444/ffffff";69;"55154-3914"
530;78;"http://dummyimage.com/223x112.png/dddddd/000000";45;"65162-053"
531;91;"http://dummyimage.com/118x153.png/5fa2dd/ffffff";49;"54868-6215"
532;75;"http://dummyimage.com/120x232.png/dddddd/000000";67;"55648-727"
533;32;"http://dummyimage.com/146x236.png/dddddd/000000";90;"55749-005"
534;79;"http://dummyimage.com/161x130.png/ff4444/ffffff";28;"65044-5032"
535;18;"http://dummyimage.com/194x162.png/5fa2dd/ffffff";38;"43547-221"
536;82;"http://dummyimage.com/225x213.png/ff4444/ffffff";90;"55154-5051"
537;11;"http://dummyimage.com/157x189.png/cc0000/ffffff";9;"54868-0077"
538;9;"http://dummyimage.com/213x180.png/dddddd/000000";56;"57520-0957"
539;22;"http://dummyimage.com/116x215.png/dddddd/000000";45;"68788-0681"
540;85;"http://dummyimage.com/181x250.png/5fa2dd/ffffff";75;"63029-800"
541;43;"http://dummyimage.com/155x125.png/ff4444/ffffff";22;"55301-529"
542;71;"http://dummyimage.com/166x198.png/cc0000/ffffff";21;"11523-7207"
543;48;"http://dummyimage.com/247x171.png/ff4444/ffffff";100;"21695-438"
544;33;"http://dummyimage.com/120x208.png/ff4444/ffffff";39;"51706-114"
545;28;"http://dummyimage.com/237x145.png/ff4444/ffffff";55;"13537-365"
546;39;"http://dummyimage.com/210x112.png/5fa2dd/ffffff";33;"68983-002"
547;64;"http://dummyimage.com/250x179.png/dddddd/000000";56;"21695-657"
548;95;"http://dummyimage.com/222x233.png/dddddd/000000";35;"65162-415"
549;36;"http://dummyimage.com/214x109.png/ff4444/ffffff";55;"55714-2349"
550;36;"http://dummyimage.com/125x190.png/ff4444/ffffff";76;"55154-6954"
551;82;"http://dummyimage.com/180x112.png/dddddd/000000";88;"66975-356"
552;69;"http://dummyimage.com/166x109.png/cc0000/ffffff";32;"37808-066"
553;45;"http://dummyimage.com/233x133.png/cc0000/ffffff";95;"43749-320"
554;42;"http://dummyimage.com/162x159.png/ff4444/ffffff";5;"0591-3369"
555;50;"http://dummyimage.com/178x172.png/dddddd/000000";88;"35356-011"
556;69;"http://dummyimage.com/131x245.png/dddddd/000000";90;"36987-2501"
557;48;"http://dummyimage.com/201x133.png/ff4444/ffffff";82;"43479-205"
558;63;"http://dummyimage.com/151x228.png/ff4444/ffffff";17;"20802-1503"
559;89;"http://dummyimage.com/191x243.png/5fa2dd/ffffff";73;"52959-722"
560;65;"http://dummyimage.com/119x118.png/cc0000/ffffff";78;"0178-0858"
561;56;"http://dummyimage.com/101x168.png/dddddd/000000";5;"60505-3145"
562;3;"http://dummyimage.com/177x245.png/cc0000/ffffff";98;"76237-314"
563;41;"http://dummyimage.com/226x113.png/cc0000/ffffff";85;"49035-463"
564;11;"http://dummyimage.com/135x154.png/dddddd/000000";80;"52685-423"
565;95;"http://dummyimage.com/248x164.png/dddddd/000000";39;"63323-125"
566;52;"http://dummyimage.com/105x125.png/5fa2dd/ffffff";1;"13811-558"
567;31;"http://dummyimage.com/172x123.png/dddddd/000000";49;"65841-129"
568;31;"http://dummyimage.com/122x239.png/dddddd/000000";20;"0615-7689"
569;42;"http://dummyimage.com/144x206.png/5fa2dd/ffffff";59;"11822-0556"
570;1;"http://dummyimage.com/145x183.png/dddddd/000000";44;"75862-017"
571;59;"http://dummyimage.com/125x134.png/dddddd/000000";60;"62584-781"
572;75;"http://dummyimage.com/212x133.png/dddddd/000000";47;"50458-659"
573;94;"http://dummyimage.com/229x201.png/5fa2dd/ffffff";93;"55154-1855"
574;63;"http://dummyimage.com/136x248.png/5fa2dd/ffffff";33;"52686-260"
575;40;"http://dummyimage.com/212x102.png/dddddd/000000";43;"16590-380"
576;72;"http://dummyimage.com/213x248.png/5fa2dd/ffffff";56;"54868-4535"
577;47;"http://dummyimage.com/155x168.png/dddddd/000000";1;"55465-001"
578;65;"http://dummyimage.com/173x138.png/5fa2dd/ffffff";82;"11822-0271"
579;16;"http://dummyimage.com/181x186.png/dddddd/000000";93;"43196-514"
580;40;"http://dummyimage.com/124x102.png/dddddd/000000";81;"0093-1024"
581;86;"http://dummyimage.com/162x217.png/5fa2dd/ffffff";67;"62695-2001"
582;98;"http://dummyimage.com/210x230.png/cc0000/ffffff";59;"64942-1340"
583;8;"http://dummyimage.com/172x217.png/dddddd/000000";12;"65841-097"
584;29;"http://dummyimage.com/211x242.png/ff4444/ffffff";50;"68788-0736"
585;63;"http://dummyimage.com/140x129.png/cc0000/ffffff";44;"51991-735"
586;64;"http://dummyimage.com/130x236.png/5fa2dd/ffffff";4;"10544-296"
587;12;"http://dummyimage.com/142x171.png/dddddd/000000";81;"43406-0025"
588;78;"http://dummyimage.com/151x213.png/cc0000/ffffff";55;"55154-4740"
589;61;"http://dummyimage.com/155x195.png/cc0000/ffffff";69;"51393-6222"
590;26;"http://dummyimage.com/181x185.png/5fa2dd/ffffff";92;"63433-200"
591;35;"http://dummyimage.com/161x231.png/ff4444/ffffff";42;"65084-458"
592;88;"http://dummyimage.com/178x138.png/5fa2dd/ffffff";13;"36987-3019"
593;23;"http://dummyimage.com/101x249.png/cc0000/ffffff";45;"0378-6112"
594;12;"http://dummyimage.com/138x106.png/dddddd/000000";49;"16729-228"
595;56;"http://dummyimage.com/200x245.png/5fa2dd/ffffff";11;"14783-310"
596;37;"http://dummyimage.com/157x232.png/dddddd/000000";54;"35356-397"
597;43;"http://dummyimage.com/130x220.png/dddddd/000000";16;"63824-184"
598;48;"http://dummyimage.com/145x191.png/cc0000/ffffff";43;"41520-865"
599;11;"http://dummyimage.com/189x127.png/ff4444/ffffff";49;"24236-762"
600;19;"http://dummyimage.com/104x198.png/ff4444/ffffff";44;"47593-341"
601;81;"http://dummyimage.com/223x176.png/cc0000/ffffff";36;"42291-719"
602;69;"http://dummyimage.com/250x133.png/5fa2dd/ffffff";81;"49348-483"
603;67;"http://dummyimage.com/123x127.png/cc0000/ffffff";90;"35356-938"
604;13;"http://dummyimage.com/209x242.png/5fa2dd/ffffff";53;"0363-0567"
605;67;"http://dummyimage.com/152x152.png/5fa2dd/ffffff";68;"50730-1481"
606;82;"http://dummyimage.com/139x113.png/cc0000/ffffff";95;"53104-0111"
607;68;"http://dummyimage.com/137x141.png/5fa2dd/ffffff";30;"68703-112"
608;29;"http://dummyimage.com/211x199.png/5fa2dd/ffffff";92;"58411-111"
609;47;"http://dummyimage.com/228x224.png/cc0000/ffffff";73;"37808-097"
610;13;"http://dummyimage.com/195x228.png/dddddd/000000";97;"61767-306"
611;60;"http://dummyimage.com/232x179.png/dddddd/000000";86;"0378-4516"
612;3;"http://dummyimage.com/228x209.png/cc0000/ffffff";79;"49035-242"
613;9;"http://dummyimage.com/121x233.png/cc0000/ffffff";86;"13668-156"
614;35;"http://dummyimage.com/236x120.png/ff4444/ffffff";87;"60512-1012"
615;24;"http://dummyimage.com/135x141.png/ff4444/ffffff";9;"0268-6699"
616;79;"http://dummyimage.com/230x229.png/5fa2dd/ffffff";83;"41520-319"
617;55;"http://dummyimage.com/113x141.png/dddddd/000000";73;"49999-609"
618;87;"http://dummyimage.com/250x105.png/ff4444/ffffff";53;"76431-120"
619;8;"http://dummyimage.com/239x213.png/dddddd/000000";29;"59676-701"
620;56;"http://dummyimage.com/175x207.png/5fa2dd/ffffff";38;"54868-2345"
621;66;"http://dummyimage.com/183x186.png/dddddd/000000";68;"50436-1263"
622;50;"http://dummyimage.com/194x148.png/5fa2dd/ffffff";98;"56062-711"
623;60;"http://dummyimage.com/232x219.png/dddddd/000000";43;"0378-2073"
624;12;"http://dummyimage.com/125x116.png/cc0000/ffffff";43;"10733-130"
625;30;"http://dummyimage.com/152x231.png/ff4444/ffffff";35;"22955-015"
626;91;"http://dummyimage.com/152x122.png/ff4444/ffffff";48;"54868-3559"
627;54;"http://dummyimage.com/135x178.png/5fa2dd/ffffff";89;"67296-0104"
628;5;"http://dummyimage.com/155x158.png/ff4444/ffffff";41;"10544-218"
629;76;"http://dummyimage.com/173x180.png/cc0000/ffffff";1;"50076-301"
630;61;"http://dummyimage.com/181x241.png/ff4444/ffffff";16;"54868-3799"
631;11;"http://dummyimage.com/236x142.png/cc0000/ffffff";39;"0037-5020"
632;72;"http://dummyimage.com/160x123.png/cc0000/ffffff";40;"35617-393"
633;53;"http://dummyimage.com/234x122.png/cc0000/ffffff";9;"49288-0402"
634;86;"http://dummyimage.com/242x125.png/cc0000/ffffff";98;"36000-162"
635;1;"http://dummyimage.com/173x103.png/cc0000/ffffff";91;"66975-101"
636;73;"http://dummyimage.com/104x102.png/5fa2dd/ffffff";81;"36987-2038"
637;68;"http://dummyimage.com/178x165.png/cc0000/ffffff";35;"68788-9677"
638;6;"http://dummyimage.com/196x204.png/ff4444/ffffff";5;"51386-705"
639;52;"http://dummyimage.com/132x191.png/5fa2dd/ffffff";94;"63868-246"
640;96;"http://dummyimage.com/222x144.png/dddddd/000000";73;"76282-208"
641;64;"http://dummyimage.com/163x107.png/dddddd/000000";72;"60505-0192"
642;19;"http://dummyimage.com/143x108.png/5fa2dd/ffffff";90;"55111-586"
643;97;"http://dummyimage.com/181x121.png/dddddd/000000";86;"60512-0002"
644;7;"http://dummyimage.com/115x120.png/dddddd/000000";34;"65010-001"
645;12;"http://dummyimage.com/113x120.png/dddddd/000000";46;"55714-2364"
646;81;"http://dummyimage.com/177x201.png/ff4444/ffffff";57;"53329-231"
647;73;"http://dummyimage.com/162x176.png/dddddd/000000";18;"36987-1476"
648;41;"http://dummyimage.com/222x198.png/ff4444/ffffff";48;"49999-627"
649;4;"http://dummyimage.com/188x101.png/cc0000/ffffff";33;"16590-086"
650;12;"http://dummyimage.com/222x148.png/5fa2dd/ffffff";18;"36987-2820"
651;8;"http://dummyimage.com/112x115.png/5fa2dd/ffffff";75;"43063-203"
652;17;"http://dummyimage.com/210x241.png/5fa2dd/ffffff";85;"21695-345"
653;24;"http://dummyimage.com/111x235.png/dddddd/000000";7;"35356-090"
654;36;"http://dummyimage.com/154x189.png/cc0000/ffffff";12;"0409-5084"
655;7;"http://dummyimage.com/173x192.png/ff4444/ffffff";76;"36800-970"
656;92;"http://dummyimage.com/135x145.png/cc0000/ffffff";77;"0944-2620"
657;66;"http://dummyimage.com/180x174.png/cc0000/ffffff";25;"64725-0112"
658;57;"http://dummyimage.com/199x181.png/ff4444/ffffff";52;"49873-057"
659;72;"http://dummyimage.com/241x166.png/ff4444/ffffff";66;"45802-974"
660;10;"http://dummyimage.com/178x133.png/ff4444/ffffff";68;"51811-374"
661;60;"http://dummyimage.com/237x208.png/dddddd/000000";77;"60512-7120"
662;82;"http://dummyimage.com/126x183.png/cc0000/ffffff";71;"16590-046"
663;54;"http://dummyimage.com/186x177.png/dddddd/000000";90;"10742-1509"
664;45;"http://dummyimage.com/187x187.png/cc0000/ffffff";48;"61924-266"
665;58;"http://dummyimage.com/215x180.png/cc0000/ffffff";17;"59779-856"
666;84;"http://dummyimage.com/187x188.png/ff4444/ffffff";92;"54575-948"
667;78;"http://dummyimage.com/197x181.png/ff4444/ffffff";52;"68151-3566"
668;64;"http://dummyimage.com/162x203.png/dddddd/000000";15;"50458-562"
669;14;"http://dummyimage.com/224x122.png/5fa2dd/ffffff";5;"43857-0159"
670;60;"http://dummyimage.com/193x208.png/ff4444/ffffff";80;"55289-802"
671;6;"http://dummyimage.com/250x189.png/5fa2dd/ffffff";95;"11410-600"
672;44;"http://dummyimage.com/205x106.png/5fa2dd/ffffff";93;"76340-1201"
673;49;"http://dummyimage.com/130x240.png/dddddd/000000";93;"0268-6143"
674;90;"http://dummyimage.com/145x166.png/ff4444/ffffff";100;"52584-135"
675;88;"http://dummyimage.com/245x185.png/5fa2dd/ffffff";45;"0904-6041"
676;41;"http://dummyimage.com/160x188.png/5fa2dd/ffffff";47;"66993-210"
677;13;"http://dummyimage.com/136x196.png/ff4444/ffffff";4;"49349-987"
678;48;"http://dummyimage.com/116x149.png/dddddd/000000";1;"43742-0434"
679;89;"http://dummyimage.com/104x105.png/dddddd/000000";76;"10345-019"
680;22;"http://dummyimage.com/245x185.png/5fa2dd/ffffff";97;"42515-001"
681;63;"http://dummyimage.com/123x200.png/5fa2dd/ffffff";55;"57469-021"
682;78;"http://dummyimage.com/129x165.png/dddddd/000000";62;"16590-466"
683;90;"http://dummyimage.com/145x212.png/5fa2dd/ffffff";92;"70253-175"
684;92;"http://dummyimage.com/179x154.png/ff4444/ffffff";68;"41163-052"
685;46;"http://dummyimage.com/107x102.png/cc0000/ffffff";21;"58466-013"
686;35;"http://dummyimage.com/159x122.png/cc0000/ffffff";7;"0019-1317"
687;17;"http://dummyimage.com/110x201.png/5fa2dd/ffffff";63;"52125-884"
688;37;"http://dummyimage.com/151x119.png/dddddd/000000";16;"50458-641"
689;26;"http://dummyimage.com/104x129.png/dddddd/000000";14;"36800-198"
690;52;"http://dummyimage.com/244x233.png/cc0000/ffffff";10;"53808-0218"
691;27;"http://dummyimage.com/157x132.png/cc0000/ffffff";87;"12213-005"
692;67;"http://dummyimage.com/171x202.png/cc0000/ffffff";66;"55289-920"
693;50;"http://dummyimage.com/249x109.png/ff4444/ffffff";91;"0363-0098"
694;100;"http://dummyimage.com/143x150.png/cc0000/ffffff";68;"0268-0838"
695;42;"http://dummyimage.com/245x102.png/5fa2dd/ffffff";63;"0409-7906"
696;20;"http://dummyimage.com/183x218.png/5fa2dd/ffffff";36;"0409-7886"
697;37;"http://dummyimage.com/220x164.png/5fa2dd/ffffff";17;"62802-103"
698;97;"http://dummyimage.com/207x129.png/5fa2dd/ffffff";30;"34057-006"
699;63;"http://dummyimage.com/222x242.png/cc0000/ffffff";42;"68196-201"
700;23;"http://dummyimage.com/194x229.png/dddddd/000000";1;"10819-7007"
701;56;"http://dummyimage.com/195x242.png/ff4444/ffffff";59;"62856-350"
702;24;"http://dummyimage.com/226x235.png/ff4444/ffffff";65;"65923-006"
703;40;"http://dummyimage.com/107x183.png/5fa2dd/ffffff";97;"0093-5851"
704;70;"http://dummyimage.com/117x177.png/cc0000/ffffff";96;"65044-0614"
705;73;"http://dummyimage.com/249x208.png/dddddd/000000";77;"59105-003"
706;10;"http://dummyimage.com/178x219.png/ff4444/ffffff";91;"60429-094"
707;51;"http://dummyimage.com/231x149.png/ff4444/ffffff";93;"64942-1128"
708;15;"http://dummyimage.com/212x201.png/5fa2dd/ffffff";36;"0363-0906"
709;2;"http://dummyimage.com/218x119.png/5fa2dd/ffffff";31;"17478-837"
710;37;"http://dummyimage.com/113x199.png/cc0000/ffffff";4;"54868-0267"
711;25;"http://dummyimage.com/217x143.png/dddddd/000000";81;"21695-246"
712;10;"http://dummyimage.com/100x126.png/cc0000/ffffff";2;"51389-104"
713;28;"http://dummyimage.com/145x117.png/ff4444/ffffff";85;"35000-855"
714;46;"http://dummyimage.com/203x134.png/cc0000/ffffff";15;"65044-6589"
715;38;"http://dummyimage.com/250x243.png/5fa2dd/ffffff";88;"67877-167"
716;25;"http://dummyimage.com/111x124.png/ff4444/ffffff";97;"63833-518"
717;98;"http://dummyimage.com/203x228.png/dddddd/000000";5;"68084-482"
718;82;"http://dummyimage.com/106x108.png/cc0000/ffffff";1;"68472-102"
719;99;"http://dummyimage.com/166x181.png/ff4444/ffffff";64;"67046-656"
720;98;"http://dummyimage.com/197x148.png/ff4444/ffffff";69;"60905-0022"
721;23;"http://dummyimage.com/232x197.png/cc0000/ffffff";84;"0498-0016"
722;22;"http://dummyimage.com/108x140.png/cc0000/ffffff";52;"49230-209"
723;48;"http://dummyimage.com/162x187.png/dddddd/000000";28;"0002-8400"
724;13;"http://dummyimage.com/142x187.png/dddddd/000000";6;"0591-2469"
725;24;"http://dummyimage.com/248x142.png/cc0000/ffffff";72;"50436-5130"
726;1;"http://dummyimage.com/245x126.png/5fa2dd/ffffff";95;"49349-575"
727;55;"http://dummyimage.com/138x247.png/dddddd/000000";14;"55312-516"
728;72;"http://dummyimage.com/129x174.png/cc0000/ffffff";73;"50111-328"
729;88;"http://dummyimage.com/171x227.png/cc0000/ffffff";43;"50436-0133"
730;77;"http://dummyimage.com/155x230.png/dddddd/000000";53;"0363-0725"
731;96;"http://dummyimage.com/187x248.png/ff4444/ffffff";53;"64720-327"
732;92;"http://dummyimage.com/239x216.png/ff4444/ffffff";74;"52007-140"
733;38;"http://dummyimage.com/129x122.png/5fa2dd/ffffff";43;"0113-0212"
734;25;"http://dummyimage.com/240x208.png/5fa2dd/ffffff";38;"0363-0987"
735;89;"http://dummyimage.com/109x176.png/ff4444/ffffff";70;"54575-954"
736;38;"http://dummyimage.com/241x143.png/dddddd/000000";86;"48878-4080"
737;91;"http://dummyimage.com/110x245.png/cc0000/ffffff";2;"65293-001"
738;82;"http://dummyimage.com/202x138.png/dddddd/000000";63;"0409-9046"
739;39;"http://dummyimage.com/209x170.png/cc0000/ffffff";12;"47781-229"
740;28;"http://dummyimage.com/191x203.png/ff4444/ffffff";4;"63824-280"
741;9;"http://dummyimage.com/145x219.png/cc0000/ffffff";78;"52125-777"
742;78;"http://dummyimage.com/218x221.png/cc0000/ffffff";11;"41190-153"
743;35;"http://dummyimage.com/140x135.png/ff4444/ffffff";86;"37000-522"
744;14;"http://dummyimage.com/184x244.png/ff4444/ffffff";57;"44523-613"
745;49;"http://dummyimage.com/109x134.png/ff4444/ffffff";91;"53033-007"
746;35;"http://dummyimage.com/163x163.png/cc0000/ffffff";98;"54868-6093"
747;43;"http://dummyimage.com/163x175.png/cc0000/ffffff";16;"55111-397"
748;67;"http://dummyimage.com/128x113.png/5fa2dd/ffffff";32;"43353-494"
749;16;"http://dummyimage.com/150x176.png/cc0000/ffffff";8;"59746-308"
750;43;"http://dummyimage.com/131x234.png/dddddd/000000";73;"60760-385"
751;48;"http://dummyimage.com/188x169.png/cc0000/ffffff";60;"0363-0054"
752;81;"http://dummyimage.com/217x138.png/cc0000/ffffff";47;"49884-821"
753;47;"http://dummyimage.com/156x129.png/cc0000/ffffff";52;"0378-7292"
754;50;"http://dummyimage.com/150x246.png/ff4444/ffffff";25;"55910-612"
755;93;"http://dummyimage.com/194x165.png/dddddd/000000";67;"36987-3202"
756;95;"http://dummyimage.com/135x225.png/ff4444/ffffff";41;"61957-0007"
757;66;"http://dummyimage.com/201x157.png/dddddd/000000";85;"55346-0943"
758;37;"http://dummyimage.com/138x167.png/ff4444/ffffff";97;"68788-1473"
759;25;"http://dummyimage.com/192x163.png/ff4444/ffffff";10;"11410-420"
760;85;"http://dummyimage.com/139x186.png/5fa2dd/ffffff";3;"63629-1383"
761;70;"http://dummyimage.com/120x122.png/5fa2dd/ffffff";13;"0078-0325"
762;54;"http://dummyimage.com/230x182.png/ff4444/ffffff";66;"55312-822"
763;42;"http://dummyimage.com/214x232.png/5fa2dd/ffffff";40;"76282-420"
764;48;"http://dummyimage.com/164x122.png/cc0000/ffffff";59;"66116-352"
765;75;"http://dummyimage.com/204x187.png/ff4444/ffffff";56;"0781-5618"
766;20;"http://dummyimage.com/184x116.png/cc0000/ffffff";44;"0615-0676"
767;42;"http://dummyimage.com/162x141.png/ff4444/ffffff";56;"63776-037"
768;25;"http://dummyimage.com/192x125.png/ff4444/ffffff";72;"66969-6021"
769;65;"http://dummyimage.com/116x233.png/5fa2dd/ffffff";23;"36987-3100"
770;5;"http://dummyimage.com/229x218.png/dddddd/000000";21;"41520-197"
771;53;"http://dummyimage.com/126x106.png/5fa2dd/ffffff";99;"48951-6011"
772;21;"http://dummyimage.com/147x199.png/dddddd/000000";27;"0603-5437"
773;63;"http://dummyimage.com/105x182.png/ff4444/ffffff";51;"55714-2218"
774;15;"http://dummyimage.com/157x217.png/dddddd/000000";45;"10812-519"
775;1;"http://dummyimage.com/132x192.png/dddddd/000000";99;"0555-0972"
776;58;"http://dummyimage.com/114x218.png/dddddd/000000";19;"64679-547"
777;33;"http://dummyimage.com/205x133.png/ff4444/ffffff";18;"0641-6116"
778;57;"http://dummyimage.com/169x112.png/ff4444/ffffff";93;"0378-0330"
779;26;"http://dummyimage.com/120x226.png/dddddd/000000";86;"13107-123"
780;32;"http://dummyimage.com/112x130.png/5fa2dd/ffffff";31;"57955-0165"
781;89;"http://dummyimage.com/204x177.png/5fa2dd/ffffff";50;"57707-058"
782;59;"http://dummyimage.com/238x155.png/ff4444/ffffff";63;"0781-5607"
783;83;"http://dummyimage.com/101x217.png/cc0000/ffffff";63;"64679-557"
784;23;"http://dummyimage.com/235x131.png/5fa2dd/ffffff";75;"69179-490"
785;77;"http://dummyimage.com/224x135.png/cc0000/ffffff";59;"0310-7810"
786;7;"http://dummyimage.com/248x229.png/dddddd/000000";11;"53499-7233"
787;84;"http://dummyimage.com/143x228.png/dddddd/000000";19;"63354-781"
788;6;"http://dummyimage.com/167x230.png/cc0000/ffffff";17;"50458-536"
789;72;"http://dummyimage.com/156x128.png/ff4444/ffffff";75;"55154-9415"
790;90;"http://dummyimage.com/194x139.png/dddddd/000000";89;"68151-2694"
791;96;"http://dummyimage.com/128x167.png/5fa2dd/ffffff";40;"68682-638"
792;54;"http://dummyimage.com/234x104.png/dddddd/000000";54;"0409-3378"
793;5;"http://dummyimage.com/156x100.png/ff4444/ffffff";72;"62211-312"
794;86;"http://dummyimage.com/210x183.png/ff4444/ffffff";95;"64380-736"
795;28;"http://dummyimage.com/214x187.png/dddddd/000000";13;"0472-1736"
796;68;"http://dummyimage.com/104x142.png/5fa2dd/ffffff";94;"59779-281"
797;66;"http://dummyimage.com/159x136.png/cc0000/ffffff";30;"16590-265"
798;38;"http://dummyimage.com/168x233.png/ff4444/ffffff";14;"51386-741"
799;15;"http://dummyimage.com/171x137.png/dddddd/000000";96;"11410-923"
800;86;"http://dummyimage.com/215x201.png/5fa2dd/ffffff";68;"68084-443"
801;64;"http://dummyimage.com/145x102.png/cc0000/ffffff";95;"68016-449"
802;29;"http://dummyimage.com/156x169.png/5fa2dd/ffffff";34;"0527-1392"
803;38;"http://dummyimage.com/194x209.png/cc0000/ffffff";86;"61314-701"
804;44;"http://dummyimage.com/105x195.png/5fa2dd/ffffff";28;"42926-164"
805;48;"http://dummyimage.com/227x195.png/dddddd/000000";57;"68745-1036"
806;26;"http://dummyimage.com/172x138.png/5fa2dd/ffffff";21;"40046-0064"
807;60;"http://dummyimage.com/193x165.png/5fa2dd/ffffff";1;"66129-445"
808;61;"http://dummyimage.com/183x162.png/5fa2dd/ffffff";2;"51672-5293"
809;83;"http://dummyimage.com/142x191.png/ff4444/ffffff";88;"0069-0043"
810;41;"http://dummyimage.com/250x104.png/ff4444/ffffff";3;"0095-3000"
811;75;"http://dummyimage.com/136x176.png/5fa2dd/ffffff";29;"0406-9912"
812;20;"http://dummyimage.com/151x200.png/ff4444/ffffff";53;"52544-733"
813;78;"http://dummyimage.com/103x108.png/5fa2dd/ffffff";31;"0007-3373"
814;61;"http://dummyimage.com/104x119.png/cc0000/ffffff";95;"40076-051"
815;16;"http://dummyimage.com/236x212.png/dddddd/000000";56;"68210-1901"
816;85;"http://dummyimage.com/100x145.png/ff4444/ffffff";64;"0069-0113"
817;31;"http://dummyimage.com/130x214.png/5fa2dd/ffffff";18;"0703-4246"
818;33;"http://dummyimage.com/201x124.png/cc0000/ffffff";79;"67544-301"
819;42;"http://dummyimage.com/139x228.png/dddddd/000000";40;"48951-5021"
820;84;"http://dummyimage.com/223x152.png/dddddd/000000";92;"60846-801"
821;34;"http://dummyimage.com/143x175.png/5fa2dd/ffffff";26;"62011-0144"
822;58;"http://dummyimage.com/100x136.png/cc0000/ffffff";96;"24488-003"
823;69;"http://dummyimage.com/239x209.png/dddddd/000000";51;"37808-397"
824;53;"http://dummyimage.com/190x124.png/ff4444/ffffff";21;"54868-2683"
825;67;"http://dummyimage.com/115x195.png/dddddd/000000";3;"54340-178"
826;36;"http://dummyimage.com/229x240.png/5fa2dd/ffffff";59;"33344-001"
827;92;"http://dummyimage.com/105x245.png/cc0000/ffffff";97;"63736-029"
828;52;"http://dummyimage.com/113x118.png/dddddd/000000";80;"49571-001"
829;25;"http://dummyimage.com/192x171.png/cc0000/ffffff";48;"49502-900"
830;32;"http://dummyimage.com/141x224.png/5fa2dd/ffffff";45;"69031-001"
831;37;"http://dummyimage.com/227x127.png/cc0000/ffffff";2;"52125-292"
832;13;"http://dummyimage.com/153x231.png/dddddd/000000";90;"36987-2967"
833;15;"http://dummyimage.com/240x249.png/5fa2dd/ffffff";95;"0409-3356"
834;42;"http://dummyimage.com/179x123.png/cc0000/ffffff";94;"51808-127"
835;94;"http://dummyimage.com/109x156.png/5fa2dd/ffffff";36;"49738-588"
836;35;"http://dummyimage.com/141x158.png/5fa2dd/ffffff";53;"11994-006"
837;71;"http://dummyimage.com/210x143.png/dddddd/000000";65;"43269-785"
838;52;"http://dummyimage.com/166x119.png/dddddd/000000";64;"51619-300"
839;90;"http://dummyimage.com/247x214.png/ff4444/ffffff";35;"24470-911"
840;97;"http://dummyimage.com/219x115.png/5fa2dd/ffffff";51;"49035-559"
841;99;"http://dummyimage.com/241x221.png/cc0000/ffffff";34;"48951-2083"
842;89;"http://dummyimage.com/191x208.png/5fa2dd/ffffff";12;"29300-242"
843;28;"http://dummyimage.com/182x161.png/cc0000/ffffff";23;"68180-313"
844;27;"http://dummyimage.com/225x171.png/cc0000/ffffff";95;"42549-659"
845;56;"http://dummyimage.com/181x173.png/dddddd/000000";54;"42546-015"
846;49;"http://dummyimage.com/205x210.png/cc0000/ffffff";18;"11701-067"
847;90;"http://dummyimage.com/204x162.png/dddddd/000000";80;"50523-632"
848;37;"http://dummyimage.com/196x240.png/dddddd/000000";33;"11410-036"
849;45;"http://dummyimage.com/106x223.png/5fa2dd/ffffff";100;"0781-5051"
850;82;"http://dummyimage.com/226x119.png/5fa2dd/ffffff";80;"68462-427"
851;97;"http://dummyimage.com/155x217.png/cc0000/ffffff";32;"59779-970"
852;42;"http://dummyimage.com/172x189.png/5fa2dd/ffffff";29;"53808-0800"
853;14;"http://dummyimage.com/172x160.png/dddddd/000000";25;"51672-4144"
854;54;"http://dummyimage.com/156x143.png/cc0000/ffffff";37;"52471-111"
855;90;"http://dummyimage.com/157x105.png/dddddd/000000";78;"64778-0219"
856;22;"http://dummyimage.com/181x152.png/dddddd/000000";42;"0310-0201"
857;95;"http://dummyimage.com/108x107.png/cc0000/ffffff";56;"63629-4505"
858;78;"http://dummyimage.com/173x220.png/cc0000/ffffff";62;"41250-139"
859;58;"http://dummyimage.com/151x180.png/dddddd/000000";97;"21130-157"
860;94;"http://dummyimage.com/204x124.png/5fa2dd/ffffff";62;"53208-513"
861;8;"http://dummyimage.com/185x220.png/5fa2dd/ffffff";4;"64893-030"
862;92;"http://dummyimage.com/127x226.png/5fa2dd/ffffff";72;"43742-0186"
863;57;"http://dummyimage.com/224x142.png/cc0000/ffffff";70;"55154-1818"
864;64;"http://dummyimage.com/162x205.png/dddddd/000000";42;"49035-237"
865;6;"http://dummyimage.com/223x102.png/ff4444/ffffff";65;"65923-637"
866;10;"http://dummyimage.com/152x203.png/cc0000/ffffff";23;"36987-3261"
867;77;"http://dummyimage.com/221x250.png/5fa2dd/ffffff";16;"49281-291"
868;36;"http://dummyimage.com/202x133.png/ff4444/ffffff";35;"43742-0210"
869;70;"http://dummyimage.com/218x171.png/dddddd/000000";91;"68788-9771"
870;31;"http://dummyimage.com/187x123.png/ff4444/ffffff";82;"59899-003"
871;78;"http://dummyimage.com/106x182.png/5fa2dd/ffffff";59;"0942-6331"
872;26;"http://dummyimage.com/105x149.png/cc0000/ffffff";22;"24385-059"
873;46;"http://dummyimage.com/238x194.png/5fa2dd/ffffff";5;"30142-177"
874;81;"http://dummyimage.com/230x155.png/ff4444/ffffff";24;"15071-804"
875;23;"http://dummyimage.com/116x179.png/cc0000/ffffff";12;"63505-159"
876;93;"http://dummyimage.com/132x204.png/dddddd/000000";46;"42291-850"
877;28;"http://dummyimage.com/110x238.png/5fa2dd/ffffff";40;"36987-3399"
878;83;"http://dummyimage.com/234x247.png/cc0000/ffffff";57;"65365-007"
879;29;"http://dummyimage.com/116x207.png/ff4444/ffffff";59;"10956-814"
880;41;"http://dummyimage.com/210x208.png/ff4444/ffffff";78;"13630-0049"
881;70;"http://dummyimage.com/162x140.png/dddddd/000000";99;"55648-978"
882;86;"http://dummyimage.com/238x203.png/5fa2dd/ffffff";99;"36987-1920"
883;40;"http://dummyimage.com/213x231.png/dddddd/000000";7;"53808-0240"
884;61;"http://dummyimage.com/202x246.png/dddddd/000000";20;"51660-296"
885;21;"http://dummyimage.com/233x243.png/dddddd/000000";12;"0143-9962"
886;60;"http://dummyimage.com/237x195.png/ff4444/ffffff";10;"49967-972"
887;8;"http://dummyimage.com/239x102.png/dddddd/000000";99;"65342-1380"
888;55;"http://dummyimage.com/212x152.png/cc0000/ffffff";92;"11673-922"
889;5;"http://dummyimage.com/202x114.png/ff4444/ffffff";69;"65649-511"
890;70;"http://dummyimage.com/213x171.png/dddddd/000000";53;"21695-009"
891;40;"http://dummyimage.com/118x237.png/ff4444/ffffff";54;"76237-168"
892;12;"http://dummyimage.com/215x152.png/5fa2dd/ffffff";95;"64380-725"
893;55;"http://dummyimage.com/124x183.png/ff4444/ffffff";71;"55289-607"
894;35;"http://dummyimage.com/148x180.png/ff4444/ffffff";26;"50458-346"
895;100;"http://dummyimage.com/221x133.png/ff4444/ffffff";69;"61958-0601"
896;67;"http://dummyimage.com/168x240.png/5fa2dd/ffffff";25;"0555-0791"
897;93;"http://dummyimage.com/185x197.png/5fa2dd/ffffff";68;"55154-6127"
898;88;"http://dummyimage.com/206x130.png/cc0000/ffffff";43;"60505-2504"
899;72;"http://dummyimage.com/187x175.png/cc0000/ffffff";9;"61355-569"
900;66;"http://dummyimage.com/188x177.png/5fa2dd/ffffff";88;"24488-021"
901;14;"http://dummyimage.com/238x125.png/5fa2dd/ffffff";29;"0615-4590"
902;76;"http://dummyimage.com/166x219.png/5fa2dd/ffffff";1;"61601-1117"
903;71;"http://dummyimage.com/144x174.png/dddddd/000000";95;"42254-153"
904;65;"http://dummyimage.com/180x229.png/ff4444/ffffff";85;"54622-103"
905;94;"http://dummyimage.com/131x162.png/dddddd/000000";23;"54575-166"
906;33;"http://dummyimage.com/195x126.png/cc0000/ffffff";67;"55154-4959"
907;16;"http://dummyimage.com/207x214.png/dddddd/000000";71;"0378-8888"
908;67;"http://dummyimage.com/147x244.png/5fa2dd/ffffff";60;"57718-010"
909;39;"http://dummyimage.com/245x125.png/cc0000/ffffff";20;"50844-733"
910;39;"http://dummyimage.com/105x211.png/ff4444/ffffff";61;"52125-079"
911;11;"http://dummyimage.com/213x225.png/cc0000/ffffff";23;"51655-112"
912;98;"http://dummyimage.com/195x238.png/cc0000/ffffff";25;"54575-134"
913;66;"http://dummyimage.com/165x184.png/5fa2dd/ffffff";71;"0781-5310"
914;9;"http://dummyimage.com/103x201.png/cc0000/ffffff";40;"0093-5415"
915;67;"http://dummyimage.com/201x147.png/dddddd/000000";50;"54473-246"
916;91;"http://dummyimage.com/146x110.png/cc0000/ffffff";57;"0641-2450"
917;20;"http://dummyimage.com/133x137.png/5fa2dd/ffffff";94;"61919-434"
918;92;"http://dummyimage.com/231x160.png/dddddd/000000";82;"75997-024"
919;38;"http://dummyimage.com/229x207.png/ff4444/ffffff";24;"68645-351"
920;83;"http://dummyimage.com/213x226.png/dddddd/000000";70;"55154-5554"
921;52;"http://dummyimage.com/130x174.png/ff4444/ffffff";59;"55118-575"
922;69;"http://dummyimage.com/144x136.png/5fa2dd/ffffff";12;"42126-6100"
923;26;"http://dummyimage.com/151x248.png/5fa2dd/ffffff";91;"55154-3328"
924;1;"http://dummyimage.com/226x107.png/cc0000/ffffff";89;"0904-5891"
925;28;"http://dummyimage.com/249x236.png/ff4444/ffffff";13;"63629-4179"
926;39;"http://dummyimage.com/149x203.png/dddddd/000000";95;"42291-619"
927;91;"http://dummyimage.com/184x105.png/dddddd/000000";9;"36800-982"
928;100;"http://dummyimage.com/179x170.png/5fa2dd/ffffff";24;"0031-2234"
929;92;"http://dummyimage.com/214x116.png/5fa2dd/ffffff";89;"23155-247"
930;27;"http://dummyimage.com/204x211.png/dddddd/000000";9;"0363-4000"
931;43;"http://dummyimage.com/203x233.png/ff4444/ffffff";78;"67296-0602"
932;94;"http://dummyimage.com/148x167.png/ff4444/ffffff";77;"79596-090"
933;2;"http://dummyimage.com/122x120.png/dddddd/000000";9;"54868-5356"
934;2;"http://dummyimage.com/155x173.png/cc0000/ffffff";57;"0517-0234"
935;8;"http://dummyimage.com/200x135.png/ff4444/ffffff";79;"49288-0649"
936;53;"http://dummyimage.com/226x196.png/cc0000/ffffff";72;"0075-0621"
937;16;"http://dummyimage.com/155x145.png/ff4444/ffffff";1;"59779-137"
938;10;"http://dummyimage.com/145x227.png/5fa2dd/ffffff";21;"42291-225"
939;72;"http://dummyimage.com/110x172.png/ff4444/ffffff";73;"66336-817"
940;20;"http://dummyimage.com/116x171.png/5fa2dd/ffffff";23;"0440-1243"
941;68;"http://dummyimage.com/237x125.png/ff4444/ffffff";59;"36987-2553"
942;3;"http://dummyimage.com/147x113.png/dddddd/000000";76;"0924-0166"
943;55;"http://dummyimage.com/185x101.png/cc0000/ffffff";48;"48102-015"
944;64;"http://dummyimage.com/167x109.png/5fa2dd/ffffff";64;"54868-5295"
945;56;"http://dummyimage.com/195x129.png/5fa2dd/ffffff";82;"63187-045"
946;3;"http://dummyimage.com/230x232.png/ff4444/ffffff";71;"0409-9786"
947;84;"http://dummyimage.com/243x136.png/dddddd/000000";64;"68745-1151"
948;74;"http://dummyimage.com/146x184.png/cc0000/ffffff";82;"59779-617"
949;89;"http://dummyimage.com/204x201.png/cc0000/ffffff";77;"37000-360"
950;79;"http://dummyimage.com/221x144.png/dddddd/000000";29;"48871-006"
951;80;"http://dummyimage.com/209x205.png/ff4444/ffffff";18;"35356-821"
952;83;"http://dummyimage.com/185x125.png/ff4444/ffffff";46;"0268-6690"
953;37;"http://dummyimage.com/113x153.png/dddddd/000000";73;"68745-1066"
954;2;"http://dummyimage.com/145x147.png/cc0000/ffffff";19;"53808-0858"
955;19;"http://dummyimage.com/232x128.png/cc0000/ffffff";91;"49348-527"
956;16;"http://dummyimage.com/103x131.png/ff4444/ffffff";7;"51079-194"
957;80;"http://dummyimage.com/206x128.png/ff4444/ffffff";79;"43419-324"
958;30;"http://dummyimage.com/170x197.png/cc0000/ffffff";31;"63187-144"
959;35;"http://dummyimage.com/147x231.png/ff4444/ffffff";100;"67253-462"
960;17;"http://dummyimage.com/116x110.png/dddddd/000000";4;"0472-1261"
961;13;"http://dummyimage.com/139x150.png/ff4444/ffffff";80;"35356-991"
962;19;"http://dummyimage.com/150x219.png/cc0000/ffffff";81;"52125-298"
963;31;"http://dummyimage.com/165x118.png/cc0000/ffffff";85;"0378-0543"
964;20;"http://dummyimage.com/126x138.png/dddddd/000000";26;"35356-649"
965;16;"http://dummyimage.com/223x222.png/5fa2dd/ffffff";69;"61957-0540"
966;55;"http://dummyimage.com/113x191.png/cc0000/ffffff";63;"49817-1996"
967;6;"http://dummyimage.com/133x136.png/5fa2dd/ffffff";21;"21695-789"
968;30;"http://dummyimage.com/130x240.png/cc0000/ffffff";97;"68382-007"
969;94;"http://dummyimage.com/234x198.png/ff4444/ffffff";25;"55154-5438"
970;5;"http://dummyimage.com/240x179.png/ff4444/ffffff";58;"60760-214"
971;51;"http://dummyimage.com/107x239.png/ff4444/ffffff";56;"43063-160"
972;98;"http://dummyimage.com/196x209.png/dddddd/000000";83;"0781-5637"
973;34;"http://dummyimage.com/183x185.png/cc0000/ffffff";95;"0363-0057"
974;13;"http://dummyimage.com/234x176.png/cc0000/ffffff";28;"0268-6185"
975;7;"http://dummyimage.com/134x246.png/dddddd/000000";32;"64069-4111"
976;16;"http://dummyimage.com/100x247.png/5fa2dd/ffffff";84;"33261-810"
977;7;"http://dummyimage.com/227x221.png/5fa2dd/ffffff";33;"13537-161"
978;77;"http://dummyimage.com/118x107.png/dddddd/000000";40;"0409-7985"
979;22;"http://dummyimage.com/244x153.png/ff4444/ffffff";17;"61047-811"
980;20;"http://dummyimage.com/227x227.png/ff4444/ffffff";29;"54569-3909"
981;34;"http://dummyimage.com/114x109.png/5fa2dd/ffffff";81;"0113-0432"
982;89;"http://dummyimage.com/239x116.png/cc0000/ffffff";77;"53329-800"
983;67;"http://dummyimage.com/175x123.png/5fa2dd/ffffff";35;"50268-264"
984;100;"http://dummyimage.com/125x158.png/5fa2dd/ffffff";49;"43419-854"
985;80;"http://dummyimage.com/113x105.png/cc0000/ffffff";81;"54868-5021"
986;83;"http://dummyimage.com/123x212.png/5fa2dd/ffffff";61;"66336-567"
987;30;"http://dummyimage.com/148x226.png/dddddd/000000";14;"0004-0028"
988;91;"http://dummyimage.com/196x128.png/dddddd/000000";32;"51514-0221"
989;40;"http://dummyimage.com/174x160.png/5fa2dd/ffffff";9;"0143-9982"
990;73;"http://dummyimage.com/156x149.png/ff4444/ffffff";61;"64720-124"
991;80;"http://dummyimage.com/170x182.png/5fa2dd/ffffff";57;"57520-0039"
992;45;"http://dummyimage.com/107x139.png/dddddd/000000";35;"65162-212"
993;27;"http://dummyimage.com/168x140.png/5fa2dd/ffffff";26;"52686-287"
994;93;"http://dummyimage.com/153x239.png/dddddd/000000";5;"62097-0003"
995;46;"http://dummyimage.com/190x188.png/dddddd/000000";75;"68788-6761"
996;24;"http://dummyimage.com/186x147.png/cc0000/ffffff";17;"63629-1765"
997;8;"http://dummyimage.com/246x111.png/5fa2dd/ffffff";93;"59779-529"
998;77;"http://dummyimage.com/124x135.png/cc0000/ffffff";61;"63029-911"
999;20;"http://dummyimage.com/238x180.png/ff4444/ffffff";37;"52125-583"
1000;61;"http://dummyimage.com/152x171.png/dddddd/000000";94;"59469-172"
